{
    "parent": "minecraft:item/generated",
    "textures": {
        "layer0": "minecraft:block/black_stained_glass"
    },
    "overrides": [
        {
            "predicate": {
                "custom_model_data": 100000
            },
            "model": "wyvernity:invisible_slot"
        },
        {
            "predicate": {
                "custom_model_data":7340006
            }, 
            "model": "teplus:ui/base_merge"
        },
        {
            "predicate": {
                "custom_model_data":7340007
            }, 
            "model": "teplus:ui/base_extract"
        },
        {
            "predicate": {
                "custom_model_data":7340008
            }, "model": "teplus:ui/none"
        }
    ]
}