{
    "parent": "minecraft:item/template_spawn_egg",
    "overrides": [
        {
            "predicate": {
                "custom_model_data": 100000
            },
            "model": "wyvernity:enchantmentplus/table_item"
        },
        {
            "predicate": {
                "custom_model_data": 100001
            },
            "model": "wyvernity:enchantmentplus/table_block"
        },
        {
            "predicate": {
                "custom_model_data": 100023
            },
            "model": "wyvernity:storageplus_barrel"
        }
    ]
}